record_id	sequence_length	minus35_start_1based	minus35_seq	minus35_score	spacer_length	minus10_start_1based	minus10_seq	minus10_score	pair_score	passes_minus35	passes_minus10	passes_sigma70_pattern
pred_row0002_seg01_377_443	67	16	TTCGTT	1.7755200862884521	18	40	TTCCCT	-2.230526924133301	-0.45500683784484863	True	False	False
pred_row0003_seg01_32_89	58	1	TTTACC	2.7851507663726807	15	22	TAAGTT	3.740165948867798	6.5253167152404785	True	True	True
pred_row0004_seg01_387_461	75	18	TTGTTC	2.9207427501678467	17	41	TAAACG	0.776519775390625	3.6972625255584717	True	False	False
pred_row0005_seg01_272_352	81	18	TTGAGG	3.5305628776550293	15	39	TACGAT	4.546463489532471	8.0770263671875	True	True	True
pred_row0006_seg01_307_379	73	14	TTGCAA	5.391617298126221	16	36	TATATT	6.755478382110596	12.147095680236816	True	True	True
pred_row0007_seg01_144_186	43	12	TTGTAT	4.48513126373291	17	35	TATACG	1.8711928129196167	6.356324076652527	True	True	True
pred_row0008_seg01_359_427	69	12	TTGCAT	5.037824630737305	17	35	TTTAAT	2.785541534423828	7.823366165161133	True	True	True
pred_row0009_seg01_376_456	81	28	ATCGGC	-2.954561233520508	16	50	CATAGT	3.2407288551330566	0.28616762161254883	False	True	False
pred_row0010_seg01_66_141	76	9	TTCTCT	3.2312333583831787	16	31	TATTCT	6.278828144073486	9.510061502456665	True	True	True
pred_row0012_seg01_379_446	68	13	TTGCTT	4.807919979095459	15	34	TAATAA	2.8858864307403564	7.693806409835815	True	True	True
pred_row0013_seg01_276_365	90	25	TGGCCA	2.0357439517974854	17	48	TATAGT	6.536840915679932	8.572584867477417	True	True	True
pred_row0014_seg01_379_452	74	12	ATGCCC	2.011465549468994	19	37	TATGCT	5.33473014831543	7.346195697784424	True	True	True
pred_row0015_seg01_133_207	75	12	TTGACA	6.605899333953857	19	37	TAATAA	2.8858864307403564	9.491785764694214	True	True	True
pred_row0016_seg01_214_279	66	2	TTCGAA	2.359217405319214	17	25	GACAAT	2.725850820541382	5.085068225860596	True	True	True
pred_row0017_seg01_413_481	69	16	TTCAGC	1.1872241497039795	19	41	AACCAT	1.0864595174789429	2.2736836671829224	True	True	True
pred_row0018_seg01_25_98	74	5	TTGTCA	5.381797790527344	16	27	TAACAT	5.321496963500977	10.70329475402832	True	True	True
pred_row0019_seg01_35_134	100	61	TTACAA	3.5148746967315674	15	82	CAAATT	2.3646931648254395	5.879567861557007	True	True	True
pred_row0020_seg01_110_172	63	37	TTGTCC	3.693521022796631	15	58	TGTTGT	-0.31655770540237427	3.3769633173942566	True	False	False
pred_row0021_seg01_120_193	74	20	GTCTAT	-0.483487069606781	19	45	TATAAT	8.384902954101562	7.9014158844947815	False	True	False
pred_row0022_seg01_170_250	81	18	TTGACA	6.605899333953857	17	41	GAGCCT	-0.31134116649627686	6.294558167457581	True	False	False
pred_row0023_seg01_85_163	79	35	TTGTCA	5.381797790527344	18	59	TATACC	2.9439492225646973	8.325747013092041	True	True	True
pred_row0024_seg01_368_439	72	14	TTGGAA	4.155989170074463	17	37	TATTTT	5.778937339782715	9.934926509857178	True	True	True
pred_row0025_seg01_353_424	72	28	TTCATG	2.8946402072906494	15	49	GAGAAT	2.786926507949829	5.6815667152404785	True	True	True
pred_row0026_seg01_123_186	64	15	CTGGAA	1.3310644626617432	15	36	TACGAT	4.546463489532471	5.877527952194214	True	True	True
pred_row0028_seg01_244_316	73	9	CTGACT	3.427182197570801	15	30	TATGTT	4.8348388671875	8.2620210647583	True	True	True
pred_row0029_seg01_366_440	75	35	TTAAGA	2.795529842376709	15	56	CAGAAT	3.2320659160614014	6.02759575843811	True	True	True
pred_row0030_seg01_141_221	81	21	TTGCAC	3.703340530395508	17	44	TACTAA	2.062758684158325	5.766099214553833	True	True	True
pred_row0031_seg01_224_293	70	16	TTGAAA	6.063025951385498	17	39	TAGCGT	2.7113821506500244	8.774408102035522	True	True	True
pred_row0032_seg01_252_335	84	6	ATAACA	2.494408369064331	15	27	TATTGT	5.560299873352051	8.054708242416382	True	True	True
pred_row0033_seg01_230_300	71	34	TTGCCG	4.792781352996826	17	57	CACCAT	1.2022567987442017	5.995038151741028	True	True	True
pred_row0034_seg01_313_383	71	16	TTGCGT	3.647071123123169	17	39	CAAGAT	2.073478937149048	5.720550060272217	True	True	True
pred_row0035_seg01_326_386	61	4	TTGACG	5.4641900062561035	17	27	TGTAAT	2.5080456733703613	7.972235679626465	True	True	True
pred_row0036_seg01_413_499	87	39	ATGCTG	1.7852545976638794	18	63	TATTTT	5.778937339782715	7.564191937446594	True	True	True
pred_row0037_seg01_30_100	71	26	GTTCAA	0.0872982069849968	15	47	TAAAAT	7.2902302742004395	7.377528481185436	True	True	True
pred_row0038_seg01_392_451	60	22	ATATAC	-0.9608434438705444	18	46	TATAAT	8.384902954101562	7.424059510231018	False	True	False
pred_row0039_seg01_400_464	65	21	TTGCGT	3.647071123123169	18	45	TATACT	7.255369186401367	10.902440309524536	True	True	True
pred_row0040_seg01_63_146	84	28	TTGTCA	5.381797790527344	17	51	TTACAT	-0.27786511182785034	5.103932678699493	True	False	False
pred_row0041_seg01_64_141	78	23	CTAACG	0.7625229358673096	18	47	TAGGGT	2.75947642326355	3.5219993591308594	True	True	True
pred_row0042_seg01_225_294	70	9	TTGACA	6.605899333953857	15	30	GACATT	1.0964258909225464	7.702325224876404	True	True	True
pred_row0043_seg01_194_258	65	6	TGGAAA	2.1642792224884033	19	31	TATATT	6.755478382110596	8.919757604598999	True	True	True
pred_row0044_seg01_122_207	86	1	TTGCAA	5.391617298126221	16	23	TACGCA	-0.010873745195567608	5.380743552930653	True	False	False
pred_row0047_seg01_395_459	65	36	TTACCT	3.70395565032959	16	58	TGCGAT	-1.3303942680358887	2.373561382293701	True	False	False
pred_row0048_seg01_178_253	76	38	CTGTGC	-1.0650304555892944	16	60	TATTTT	5.778937339782715	4.71390688419342	False	True	False
pred_row0049_seg01_308_379	72	12	TTGCAA	5.391617298126221	17	35	TAAATT	5.6608052253723145	11.052422523498535	True	True	True
pred_row0050_seg01_388_462	75	4	TTTCCT	3.448225975036621	16	26	TATCAC	2.1047496795654297	5.552975654602051	True	True	True
pred_row0051_seg01_235_303	69	15	TTGCAA	5.391617298126221	17	38	CAGTCT	1.125990867614746	6.517608165740967	True	True	True
pred_row0052_seg01_371_435	65	20	TAGTCC	-1.579898715019226	17	43	TATCGG	-0.8160691261291504	-2.3959678411483765	False	False	False
pred_row0053_seg01_249_321	73	18	TTGATT	5.479328632354736	17	41	CACTAT	2.1944494247436523	7.673778057098389	True	True	True
pred_row0054_seg01_235_317	83	39	TTGACA	6.605899333953857	18	63	TCTGCT	-1.3652498722076416	5.240649461746216	True	False	False
pred_row0055_seg01_110_154	45	13	TTTTTA	2.4765472412109375	15	34	AAGGAC	-3.115790843963623	-0.6392436027526855	True	False	False
pred_row0056_seg01_143_208	66	17	TTGACT	6.252106666564941	17	40	TATGCA	1.9069269895553589	8.1590336561203	True	True	True
pred_row0057_seg01_24_74	51	10	TTGAAT	5.709233283996582	17	33	GAAATT	1.9195536375045776	7.62878692150116	True	True	True
pred_row0058_seg01_387_463	77	2	TTCAAT	3.912461757659912	19	27	TCCCAT	-2.201610803604126	1.7108509540557861	True	False	False
pred_row0059_seg01_116_180	65	6	TTGCAT	5.037824630737305	17	29	TAGAAA	3.100375175476074	8.138199806213379	True	True	True
pred_row0060_seg01_175_229	55	9	TTTACA	4.4734272956848145	17	32	TATCAA	2.9883668422698975	7.461794137954712	True	True	True
pred_row0061_seg01_244_321	78	9	TTTAAG	2.788844347000122	17	32	GATGAT	2.7230124473571777	5.5118567943573	True	True	True
pred_row0062_seg01_62_143	82	19	TTGACG	5.4641900062561035	17	42	TAGCAA	1.1316416263580322	6.595831632614136	True	True	True
pred_row0063_seg01_199_277	79	36	TTTACG	3.3317177295684814	16	58	AACAGT	1.2071306705474854	4.538848400115967	True	True	True
pred_row0064_seg01_50_152	103	16	TTGCGC	2.312587022781372	16	38	TATCGT	4.5681071281433105	6.880694150924683	True	True	True
pred_row0065_seg01_275_360	86	31	TTGGCA	4.698862552642822	17	54	TATGTT	4.8348388671875	9.533701419830322	True	True	True
pred_row0066_seg01_188_271	84	18	TTGCTT	4.807919979095459	16	40	AAAAAT	3.8783209323883057	8.686240911483765	True	True	True
pred_row0067_seg01_326_399	74	21	TTAACC	3.0408802032470703	17	44	TAGCAA	1.1316416263580322	4.1725218296051025	True	True	True
pred_row0068_seg01_336_407	72	20	CTGGCA	1.873937964439392	18	44	TAAGGT	3.521528720855713	5.395466685295105	True	True	True
pred_row0069_seg01_250_303	54	18	TTCTGA	1.65139901638031	17	41	GAACCT	0.4507109820842743	2.1021099984645844	True	False	False
pred_row0070_seg01_292_369	78	35	TTTCCT	3.448225975036621	17	58	TGGAAT	0.6513205766677856	4.099546551704407	True	False	False
pred_row0071_seg01_170_245	76	18	TTGACG	5.4641900062561035	18	42	TAACCT	4.191962718963623	9.656152725219727	True	True	True
pred_row0072_seg01_68_130	63	3	TTGACT	6.252106666564941	16	25	TATGGA	1.1883985996246338	7.440505266189575	True	True	True
pred_row0074_seg01_400_470	71	16	TTGCCT	5.580698013305664	19	41	TACCAT	4.498369216918945	10.07906723022461	True	True	True
pred_row0075_seg01_393_436	44	5	TTCATG	2.8946402072906494	16	27	AATTGG	-3.235785961151123	-0.34114575386047363	True	False	False
pred_row0076_seg01_139_231	93	40	TTCAAA	4.266254425048828	17	63	TAGCTT	2.9300196170806885	7.196274042129517	True	True	True
pred_row0077_seg01_401_477	77	40	ATGTCA	3.1470491886138916	18	64	GAAACT	2.4194445610046387	5.56649374961853	True	True	True
pred_row0078_seg01_274_356	83	23	TTGACA	6.605899333953857	17	46	TATCTG	-0.5974317789077759	6.0084675550460815	True	False	False
pred_row0079_seg01_52_122	71	22	TTCAAT	3.912461757659912	18	46	AATTTT	2.367027759552002	6.279489517211914	True	True	True
pred_row0081_seg01_36_114	79	18	CTGGAT	0.9772718548774719	17	41	CAAAGT	2.1460556983947754	3.1233275532722473	True	True	True
pred_row0082_seg01_283_366	84	36	TTGAAA	6.063025951385498	17	59	CATGGT	1.3200894594192505	7.3831154108047485	True	True	True
pred_row0083_seg01_275_358	84	31	TTGCGG	2.859154224395752	17	54	AAACAT	1.9095872640609741	4.768741488456726	True	True	True
pred_row0085_seg01_129_204	76	8	TTGTTG	3.4673099517822266	16	30	CATGAT	3.16815185546875	6.635461807250977	True	True	True
pred_row0086_seg01_190_264	75	5	TTTCCA	3.802018642425537	17	28	TATTTT	5.778937339782715	9.580955982208252	True	True	True
pred_row0087_seg01_367_407	41	4	ATCAAA	2.031505823135376	16	26	TATCCA	1.8588327169418335	3.8903385400772095	True	True	True
pred_row0089_seg01_273_325	53	16	TTCCAA	3.5948455333709717	15	37	GAATTT	0.9430125951766968	4.5378581285476685	True	False	False
pred_row0090_seg01_113_184	72	14	TTTACT	4.119634628295898	18	38	TATATC	2.4440581798553467	6.563692808151245	True	True	True
pred_row0091_seg01_100_157	58	3	TTGACC	4.9176225662231445	15	24	GACATT	1.0964258909225464	6.014048457145691	True	True	True
pred_row0093_seg01_361_426	66	25	TTGGCT	4.345069885253906	16	47	TTAAGT	-0.15719394385814667	4.18787594139576	True	False	False
pred_row0095_seg01_110_171	62	5	TTGGCA	4.698862552642822	18	29	TATAGT	6.536840915679932	11.235703468322754	True	True	True
pred_row0096_seg01_107_173	67	6	AGGATA	-0.30037403106689453	16	28	TATAAT	8.384902954101562	8.084528923034668	True	True	True
pred_row0098_seg01_108_171	64	9	TTGACG	5.4641900062561035	17	32	CATTTT	2.4828250408172607	7.947015047073364	True	True	True
pred_row0099_seg01_111_166	56	16	TTCGAA	2.359217405319214	17	39	CAATAT	3.0175771713256836	5.3767945766448975	True	True	True
pred_row0100_seg01_173_252	80	19	TTGACA	6.605899333953857	16	41	CAAACT	2.86458420753479	9.470483541488647	True	True	True
pred_row0101_seg01_387_458	72	31	TTGCGG	2.859154224395752	18	55	AAAAAA	0.4505179226398468	3.3096721470355988	True	False	False
pred_row0102_seg01_125_206	82	46	ATGCGA	1.7661151885986328	15	67	CATAAT	5.088791370391846	6.8549065589904785	True	True	True
pred_row0103_seg01_74_138	65	18	TTGTCA	5.381797790527344	17	41	TATACC	2.9439492225646973	8.325747013092041	True	True	True
pred_row0104_seg01_198_263	66	10	TTGACA	6.605899333953857	15	31	TGCAAT	0.5902450084686279	7.196144342422485	True	False	False
pred_row0105_seg01_209_275	67	8	TTGACA	6.605899333953857	17	31	TTTTCT	0.6794663667678833	7.285365700721741	True	False	False
pred_row0106_seg01_283_366	84	49	ATAAAA	1.9515349864959717	16	71	TATTTT	5.778937339782715	7.7304723262786865	True	True	True
pred_row0107_seg01_104_173	70	8	TTTAAT	3.576761245727539	19	33	CATGGT	1.3200894594192505	4.8968507051467896	True	True	True
pred_row0108_seg01_364_442	79	16	TTGCGT	3.647071123123169	16	38	TATGTT	4.8348388671875	8.481909990310669	True	True	True
pred_row0109_seg01_182_280	99	20	TTCGCT	2.5482983589172363	15	41	TAAGTT	3.740165948867798	6.288464307785034	True	True	True
pred_row0110_seg01_127_191	65	11	ATACAA	1.2801263332366943	16	33	CATTCT	2.9827160835266113	4.262842416763306	True	True	True
pred_row0111_seg01_78_139	62	33	ATGACC	2.6828742027282715	16	55	TATAGG	1.1526644229888916	3.835538625717163	True	True	True
pred_row0112_seg01_233_283	51	2	TTGCGT	3.647071123123169	17	25	TTTTCT	0.6794663667678833	4.326537489891052	True	False	False
pred_row0113_seg01_381_445	65	1	CTGCCG	1.967856764793396	19	26	GAAATT	1.9195536375045776	3.8874104022979736	True	True	True
pred_row0114_seg01_414_491	78	8	TTGTGT	3.0943779945373535	16	30	CATTTT	2.4828250408172607	5.577203035354614	True	True	True
pred_row0115_seg01_416_500	85	30	TTTACA	4.4734272956848145	19	55	AAGCAT	1.1475350856781006	5.620962381362915	True	True	True
pred_row0116_seg01_156_189	34	4	TTGCAC	3.703340530395508	17	27	TCGCCA	-6.697872161865234	-2.9945316314697266	True	False	False
pred_row0117_seg01_17_105	89	25	TTGCCA	5.93449068069458	18	49	TAAACT	6.160696506500244	12.095187187194824	True	True	True
pred_row0118_seg01_412_491	80	37	GTGGCG	0.3853060305118561	17	60	TTCAAT	0.8677406907081604	1.2530467212200165	True	False	False
pred_row0119_seg01_143_219	77	3	CTAACG	0.7625229358673096	17	26	AAAACT	2.7487869262695312	3.511309862136841	True	True	True
pred_row0120_seg01_225_287	63	5	TTGACA	6.605899333953857	17	28	TAAGGG	-1.8626478910446167	4.743251442909241	True	False	False
pred_row0121_seg01_283_364	82	26	TTGTGT	3.0943779945373535	17	49	AAGTCT	1.0101935863494873	4.104571580886841	True	False	False
pred_row0122_seg01_47_142	96	53	TGGACG	1.5654431581497192	18	77	TATCAT	6.4161696434021	7.981612801551819	True	True	True
pred_row0123_seg01_105_138	34	3	CGGGGC	-5.646712303161621	15	24	AAAACT	2.7487869262695312	-2.89792537689209	False	True	False
pred_row0124_seg01_115_183	69	10	TTGGAA	4.155989170074463	19	35	TATGAT	6.464263916015625	10.620253086090088	True	True	True
pred_row0125_seg01_49_126	78	13	TTGAAT	5.709233283996582	17	36	TTTTAT	1.8090003728866577	7.51823365688324	True	True	True
pred_row0126_seg01_179_248	70	38	TTGCCA	5.93449068069458	19	63	GACGTT	-0.824213445186615	5.110277235507965	True	False	False
pred_row0127_seg01_326_395	70	14	TTTTTT	2.1227548122406006	17	37	TATCTT	4.786744594573975	6.909499406814575	True	True	True
pred_row0128_seg01_353_419	67	11	TTGCTA	5.161712646484375	16	33	TATTAT	7.40836238861084	12.570075035095215	True	True	True
pred_row0129_seg01_141_222	82	33	TTTCCA	3.802018642425537	17	56	AATCGA	-2.2716050148010254	1.5304136276245117	True	False	False
pred_row0132_seg01_192_266	75	18	TTGGAT	3.8021962642669678	17	41	TAGTTT	3.9222121238708496	7.724408388137817	True	True	True
pred_row0133_seg01_363_435	73	10	TTTAAA	3.930553913116455	17	33	CATATT	3.4593660831451416	7.389919996261597	True	True	True
pred_row0134_seg01_286_365	80	23	TTGTAA	4.838923931121826	17	46	TATGGT	4.616201400756836	9.455125331878662	True	True	True
pred_row0135_seg01_73_149	77	25	TTGCCG	4.792781352996826	17	48	TATTGC	1.2488797903060913	6.0416611433029175	True	True	True
pred_row0136_seg01_124_206	83	39	TTGGCC	3.0105857849121094	16	61	AATACT	3.8434598445892334	6.854045629501343	True	True	True
pred_row0137_seg01_39_116	78	25	TTGCCA	5.93449068069458	17	48	TATAGT	6.536840915679932	12.471331596374512	True	True	True
pred_row0138_seg01_156_235	80	27	ATGCAG	2.0151593685150146	15	48	TATGCT	5.33473014831543	7.349889516830444	True	True	True
pred_row0139_seg01_128_205	78	15	TTTTCG	2.1076159477233887	15	36	TAAAGT	5.44216775894165	7.549783706665039	True	True	True
pred_row0140_seg01_211_286	76	19	TTACTA	3.2849700450897217	16	41	TACTCT	4.361027717590332	7.645997762680054	True	True	True
pred_row0141_seg01_25_123	99	2	CTCCCT	0.9590020179748535	19	27	TAAACT	6.160696506500244	7.119698524475098	True	True	True
pred_row0142_seg01_302_377	76	10	TTCACT	4.4553351402282715	19	35	GAAATT	1.9195536375045776	6.374888777732849	True	True	True
pred_row0143_seg01_218_297	80	28	TTCTTC	1.1239712238311768	17	51	TATTGT	5.560299873352051	6.6842710971832275	True	True	True
pred_row0144_seg01_125_202	78	23	TTGAAT	5.709233283996582	17	46	GATGAT	2.7230124473571777	8.43224573135376	True	True	True
pred_row0145_seg01_216_286	71	15	TTGTGC	1.7598940134048462	17	38	AATAAT	4.972993850708008	6.732887864112854	True	True	True
pred_row0146_seg01_232_310	79	25	TCGACA	-0.2084551602602005	17	48	TATCCT	5.286635875701904	5.078180715441704	True	True	True
pred_row0147_seg01_312_382	71	21	TTGCCC	4.246213912963867	15	42	TATGTT	4.8348388671875	9.081052780151367	True	True	True
pred_row0148_seg01_334_413	80	24	TTGACT	6.252106666564941	19	49	TAAATG	0.2766288220882416	6.528735488653183	True	False	False
pred_row0149_seg01_191_247	57	29	TTGGCG	3.5571529865264893	16	51	TATAGC	2.2254207134246826	5.782573699951172	True	True	True
pred_row0150_seg01_258_330	73	15	TTGACT	6.252106666564941	18	39	GATAGT	2.7955892086029053	9.047695875167847	True	True	True
pred_row0151_seg01_36_123	88	34	TTGACA	6.605899333953857	17	57	GATGGT	0.8749499320983887	7.480849266052246	True	False	False
pred_row0152_seg01_42_118	77	21	TTTTCA	3.2493255138397217	15	42	TATCGC	0.256687194108963	3.5060127079486847	True	False	False
pred_row0153_seg01_28_109	82	19	TTGTTT	4.2552266120910645	16	41	TAAATT	5.6608052253723145	9.916031837463379	True	True	True
pred_row0154_seg01_58_136	79	25	TTCTTC	1.1239712238311768	17	48	TAATCT	5.184155464172363	6.30812668800354	True	True	True
pred_row0155_seg01_93_158	66	13	TCGAAA	-0.7513286471366882	18	37	TAGAGT	4.680115699768066	3.928787052631378	False	True	False
pred_row0156_seg01_110_174	65	27	TTGGCA	4.698862552642822	16	49	TGCATT	-1.039180040359497	3.659682512283325	True	False	False
pred_row0159_seg01_67_149	83	26	TTCACA	4.8091278076171875	18	50	TTCAAT	0.8677406907081604	5.676868498325348	True	False	False
pred_row0161_seg01_117_196	80	20	TTGATT	5.479328632354736	17	43	AATAGT	3.124931573867798	8.604260206222534	True	True	True
pred_row0162_seg01_392_464	73	20	TTGACC	4.9176225662231445	18	44	CATTCT	2.9827160835266113	7.900338649749756	True	True	True
pred_row0163_seg01_236_306	71	41	TCCCCC	-4.364912033081055	19	66	TAAGAT	5.369591236114502	1.0046792030334473	False	True	False
pred_row0164_seg01_235_302	68	16	TTGCCC	4.246213912963867	16	38	TACTAT	5.490561485290527	9.736775398254395	True	True	True
pred_row0165_seg01_120_196	77	23	TTGGCA	4.698862552642822	17	46	TAAAAA	3.8624274730682373	8.56129002571106	True	True	True
pred_row0166_seg01_256_341	86	1	TTAACC	3.0408802032470703	16	23	TAGCTT	2.9300196170806885	5.970899820327759	True	True	True
pred_row0167_seg01_163_244	82	28	TTGTCA	5.381797790527344	17	51	TAGTCG	-0.9620733857154846	4.419724404811859	True	False	False
pred_row0168_seg01_277_360	84	27	TTGACG	5.4641900062561035	16	49	TATGGT	4.616201400756836	10.08039140701294	True	True	True
pred_row0169_seg01_276_356	81	28	TTGCGT	3.647071123123169	16	50	TACGCT	3.416929244995117	7.064000368118286	True	True	True
pred_row0171_seg01_352_428	77	23	TTGAAT	5.709233283996582	17	46	TATGAT	6.464263916015625	12.173497200012207	True	True	True
pred_row0172_seg01_57_133	77	20	TTGCTG	4.020002841949463	16	42	CATGAT	3.16815185546875	7.188154697418213	True	True	True
pred_row0173_seg01_368_406	39	8	ATGGCA	2.46411395072937	19	33	GATTTT	2.0376856327056885	4.501799583435059	True	True	True
pred_row0174_seg01_359_424	66	16	TTTACT	4.119634628295898	16	38	TATATT	6.755478382110596	10.875113010406494	True	True	True
pred_row0175_seg01_163_237	75	2	TTGACA	6.605899333953857	18	26	AACGAT	1.1345537900924683	7.740453124046326	True	True	True
pred_row0177_seg01_322_400	79	43	TTCCCA	4.13771915435791	16	65	TAACAT	5.321496963500977	9.459216117858887	True	True	True
pred_row0178_seg01_36_107	72	26	ATGATT	3.244580030441284	17	49	TAGAAT	6.5281782150268555	9.77275824546814	True	True	True
